Luis Alexandre / luis@sapo.pt / luispassword / luis@isep.pt / Luis A. /1811 
Diogo Sousa / diogo@sapo.pt / diogopassword / diogo@isep.pt / Diogo S. /1812
Liliana Carvalho / liliana@sapo.pt / lilianapassword / liliana@isep.pt / Liliana C. /1813
Mariana Ribeiro / mariana@sapo.pt / marianapassword / mariana@isep.pt / Mariana R. /1814
André Novo / andre@sapo.pt / andrepassword / andre@isep.pt / André N. /1815
Beatriz Silva / beatriz@sapo.pt / beatrizpassword / beatriz@isep.pt / Beatriz S. /1816
Paulo Marques / paulo@sapo.pt / paulopassword / paulo@isep.pt / Paulo M. /1817
Mário Pinho / mario@sapo.pt / mariopassword / mario@isep.pt / Mário P. /1818